feature,ICEBERG,SCARF,CFMID,RASSP,MASSFORMER,REFERENCE
ICEBERG,0.000000,0.132638,0.187060,0.099579,0.070147,0.160819
SCARF,0.132638,0.000000,0.050765,0.090129,0.031469,0.008616
CFMID,0.187060,0.050765,0.000000,0.065091,0.017706,0.139806
RASSP,0.099579,0.090129,0.065091,0.000000,0.108127,0.081327
MASSFORMER,0.070147,0.031469,0.017706,0.108127,0.000000,0.082880
REFERENCE,0.160819,0.008616,0.139806,0.081327,0.082880,0.000000
